airline,date_of_journey,source,destination,dep_time,arrival_time,duration,total_stops,additional_info,price
Jet Airways,2019-04-01,Kolkata,Banglore,06:30:00,16:20:00,590,1.0,No Info,12996
Indigo,2019-06-06,Delhi,Cochin,14:20:00,22:30:00,490,1.0,No Info,6938
Indigo,2019-05-06,Kolkata,Banglore,15:15:00,17:45:00,150,0.0,No Info,4804
Air India,2019-03-01,Chennai,Kolkata,11:40:00,13:55:00,135,0.0,No Info,19630
Indigo,2019-05-21,Banglore,Delhi,21:15:00,00:15:00,180,0.0,No Info,3943
Indigo,2019-03-12,Chennai,Kolkata,13:20:00,15:35:00,135,0.0,No Info,6297
Indigo,2019-03-09,Delhi,Cochin,06:40:00,12:00:00,320,1.0,No Info,5647
Jet Airways,2019-06-27,Delhi,Cochin,20:00:00,12:35:00,995,2.0,No Info,14300
Multiple Carriers,2019-03-27,Delhi,Cochin,12:50:00,19:15:00,385,1.0,No Info,6953
Jet Airways,2019-06-27,Mumbai,Hyderabad,02:55:00,04:20:00,85,0.0,No Info,5678
Spicejet,2019-05-09,Kolkata,Banglore,09:00:00,11:25:00,145,0.0,No check-in baggage included,3841
Air India,2019-03-27,Delhi,Cochin,21:30:00,19:15:00,1305,2.0,No Info,8665
Jet Airways,2019-03-21,Delhi,Cochin,18:15:00,18:50:00,1475,1.0,No Info,12557
Spicejet,2019-06-03,Banglore,Delhi,09:30:00,12:20:00,170,0.0,No check-in baggage included,3919
Indigo,2019-04-24,Banglore,Delhi,22:10:00,01:00:00,170,0.0,No Info,3625
Jet Airways,2019-06-12,Kolkata,Banglore,18:55:00,18:15:00,1400,1.0,In-flight meal not included,8529
Jet Airways,2019-05-01,Kolkata,Banglore,06:30:00,18:15:00,705,1.0,In-flight meal not included,10844
Jet Airways,2019-06-15,Delhi,Cochin,06:45:00,04:25:00,1300,2.0,In-flight meal not included,10919
Jet Airways,2019-03-18,Mumbai,Hyderabad,19:35:00,21:05:00,90,0.0,No Info,5678
Spicejet,2019-05-18,Kolkata,Banglore,11:15:00,18:30:00,435,1.0,No Info,10944
Indigo,2019-06-03,Delhi,Cochin,05:05:00,16:10:00,665,1.0,No Info,6818
Jet Airways,2019-03-24,Kolkata,Banglore,21:10:00,09:15:00,725,1.0,No Info,14231
Jet Airways,2019-05-12,Kolkata,Banglore,06:30:00,16:20:00,590,1.0,No Info,14781
Air India,2019-04-21,Banglore,Delhi,21:05:00,23:55:00,170,0.0,No Info,5228
Multiple Carriers,2019-05-15,Delhi,Cochin,11:40:00,19:00:00,440,1.0,No Info,10529
Jet Airways,2019-03-21,Banglore,New Delhi,08:55:00,19:10:00,615,1.0,In-flight meal not included,7832
Jet Airways,2019-03-27,Delhi,Cochin,09:55:00,04:25:00,1110,1.0,In-flight meal not included,6540
Jet Airways,2019-06-27,Mumbai,Hyderabad,08:45:00,10:15:00,90,0.0,No Info,8040
Air Asia,2019-05-24,Kolkata,Banglore,07:35:00,23:30:00,955,1.0,No Info,5192
Indigo,2019-03-21,Kolkata,Banglore,14:20:00,16:55:00,155,0.0,No Info,5198
Multiple Carriers,2019-06-12,Delhi,Cochin,04:55:00,19:00:00,845,1.0,No Info,10678
Jet Airways,2019-05-24,Mumbai,Hyderabad,07:05:00,08:30:00,85,0.0,No Info,8040
Jet Airways,2019-05-27,Delhi,Cochin,02:15:00,19:00:00,1005,1.0,No Info,16079
Goair,2019-06-09,Kolkata,Banglore,06:40:00,14:35:00,475,1.0,No Info,3673
Air India,2019-06-03,Delhi,Cochin,05:10:00,08:00:00,170,0.0,No Info,5201
Air India,2019-03-24,Kolkata,Banglore,05:50:00,13:40:00,470,2.0,No Info,8005
Indigo,2019-03-24,Kolkata,Banglore,14:20:00,16:55:00,155,0.0,No Info,5618
Jet Airways,2019-05-21,Mumbai,Hyderabad,10:20:00,11:50:00,90,0.0,No Info,8040
Jet Airways,2019-06-01,Delhi,Cochin,19:15:00,12:35:00,1040,1.0,In-flight meal not included,10262
Jet Airways,2019-03-27,Mumbai,Hyderabad,07:10:00,08:35:00,85,0.0,In-flight meal not included,3205
Jet Airways,2019-05-27,Delhi,Cochin,19:10:00,12:35:00,1045,2.0,No Info,15129
Air India,2019-05-27,Delhi,Cochin,22:00:00,19:15:00,1275,2.0,No Info,10651
Jet Airways,2019-05-27,Delhi,Cochin,19:30:00,04:25:00,535,2.0,No Info,15129
Indigo,2019-03-03,Banglore,New Delhi,20:00:00,22:55:00,175,0.0,No Info,6860
Jet Airways,2019-03-21,Banglore,New Delhi,11:40:00,12:15:00,1475,1.0,In-flight meal not included,7832
Air Asia,2019-06-15,Kolkata,Banglore,22:50:00,01:20:00,150,0.0,No Info,3807
Indigo,2019-05-12,Banglore,Delhi,18:25:00,21:20:00,175,0.0,No Info,4823
Multiple Carriers,2019-06-27,Delhi,Cochin,14:00:00,21:00:00,420,1.0,No Info,13587
Jet Airways,2019-05-21,Mumbai,Hyderabad,19:35:00,21:05:00,90,0.0,No Info,5678
Jet Airways,2019-05-01,Kolkata,Banglore,20:25:00,10:55:00,870,1.0,No Info,12121
Indigo,2019-05-18,Banglore,Delhi,16:55:00,19:55:00,180,0.0,No Info,4823
Jet Airways,2019-05-18,Delhi,Cochin,20:55:00,04:25:00,450,1.0,In-flight meal not included,12373
Jet Airways,2019-06-06,Mumbai,Hyderabad,10:20:00,11:50:00,90,0.0,In-flight meal not included,4995
Indigo,2019-05-03,Kolkata,Banglore,11:30:00,14:05:00,155,0.0,No Info,5224
Jet Airways,2019-05-09,Kolkata,Banglore,20:25:00,23:35:00,1630,1.0,No Info,13067
Air India,2019-03-24,Banglore,New Delhi,06:10:00,08:55:00,165,0.0,No Info,4441
Jet Airways,2019-05-06,Kolkata,Banglore,09:35:00,09:45:00,1450,1.0,In-flight meal not included,8066
Air India,2019-03-06,Mumbai,Hyderabad,06:00:00,11:55:00,1795,2.0,No Info,14219
Jet Airways,2019-03-27,Delhi,Cochin,19:45:00,19:45:00,1440,1.0,In-flight meal not included,5963
Jet Airways,2019-05-27,Delhi,Cochin,02:15:00,19:00:00,1005,1.0,In-flight meal not included,12898
Indigo,2019-03-15,Chennai,Kolkata,19:35:00,21:55:00,140,0.0,No Info,6297
Jet Airways,2019-06-09,Delhi,Cochin,19:45:00,19:00:00,1395,1.0,No Info,14924
Jet Airways,2019-06-27,Delhi,Cochin,15:00:00,19:00:00,1680,1.0,In-flight meal not included,10262
Jet Airways,2019-04-01,Kolkata,Banglore,16:30:00,04:40:00,730,1.0,In-flight meal not included,7064
Multiple Carriers,2019-05-09,Delhi,Cochin,11:25:00,19:15:00,470,1.0,No Info,7575
Jet Airways,2019-03-27,Delhi,Cochin,09:55:00,18:50:00,535,1.0,No Info,12032
Vistara,2019-05-18,Kolkata,Banglore,07:10:00,22:40:00,930,1.0,No Info,9187
Jet Airways,2019-06-09,Delhi,Cochin,05:30:00,12:35:00,425,2.0,No Info,14441
Spicejet,2019-04-12,Banglore,Delhi,05:55:00,08:35:00,160,0.0,No Info,4423
Jet Airways,2019-06-12,Delhi,Cochin,20:00:00,19:00:00,1380,2.0,No Info,14300
Air India,2019-06-15,Chennai,Kolkata,11:40:00,13:55:00,135,0.0,No Info,4667
Jet Airways,2019-05-09,Delhi,Cochin,17:30:00,19:00:00,1530,1.0,In-flight meal not included,12373
Jet Airways,2019-05-06,Kolkata,Banglore,18:55:00,16:20:00,1285,1.0,In-flight meal not included,7757
Jet Airways,2019-05-06,Kolkata,Banglore,06:30:00,10:05:00,1655,1.0,No Info,13941
Jet Airways,2019-05-27,Delhi,Cochin,10:00:00,19:00:00,540,1.0,No Info,16079
Spicejet,2019-05-15,Banglore,Delhi,21:10:00,00:05:00,175,0.0,No Info,3625
Indigo,2019-06-15,Delhi,Cochin,05:35:00,08:50:00,195,0.0,No Info,5601
Indigo,2019-06-06,Chennai,Kolkata,11:35:00,14:00:00,145,0.0,No Info,3858
Indigo,2019-06-21,Mumbai,Hyderabad,02:35:00,04:05:00,90,0.0,No Info,2754
Jet Airways,2019-05-21,Delhi,Cochin,11:30:00,12:35:00,1505,1.0,In-flight meal not included,12898
Jet Airways,2019-06-06,Delhi,Cochin,15:00:00,19:00:00,1680,1.0,In-flight meal not included,10262
Multiple Carriers,2019-06-03,Delhi,Cochin,11:30:00,19:15:00,465,1.0,No Info,14848
Indigo,2019-06-15,Delhi,Cochin,07:35:00,16:10:00,515,1.0,No Info,6442
Indigo,2019-06-27,Mumbai,Hyderabad,16:55:00,18:25:00,90,0.0,No Info,3175
Jet Airways,2019-06-24,Delhi,Cochin,15:00:00,04:25:00,805,1.0,In-flight meal not included,10262
Multiple Carriers,2019-06-15,Delhi,Cochin,10:00:00,01:30:00,930,1.0,No Info,8510
Jet Airways,2019-04-01,Delhi,Cochin,10:00:00,19:00:00,540,1.0,In-flight meal not included,5406
Air India,2019-03-27,Delhi,Cochin,17:15:00,09:25:00,970,2.0,No Info,6057
Air India,2019-03-03,Chennai,Kolkata,11:40:00,13:55:00,135,0.0,No Info,10810
Jet Airways,2019-03-09,Delhi,Cochin,02:15:00,19:45:00,1050,1.0,No Info,15764
Indigo,2019-04-09,Kolkata,Banglore,15:30:00,18:05:00,155,0.0,No Info,4174
Spicejet,2019-03-24,Kolkata,Banglore,09:00:00,11:30:00,150,0.0,No check-in baggage included,5201
Goair,2019-03-15,Banglore,New Delhi,15:45:00,20:15:00,270,1.0,No Info,7657
Multiple Carriers,2019-06-12,Delhi,Cochin,07:10:00,22:30:00,920,1.0,No Info,6513
Jet Airways,2019-03-21,Banglore,New Delhi,05:45:00,23:00:00,1035,1.0,In-flight meal not included,7832
Jet Airways,2019-03-09,Delhi,Cochin,17:25:00,18:50:00,1525,1.0,In-flight meal not included,14053
Air India,2019-03-12,Banglore,New Delhi,08:50:00,23:15:00,865,1.0,No Info,12127
Indigo,2019-05-15,Delhi,Cochin,02:00:00,07:45:00,345,1.0,No Info,6037
Air India,2019-03-09,Delhi,Cochin,22:00:00,19:15:00,1275,2.0,No Info,14851
Air India,2019-05-06,Kolkata,Banglore,07:00:00,10:30:00,1650,3.0,No Info,13007
Air Asia,2019-06-01,Delhi,Cochin,16:45:00,22:25:00,340,1.0,No Info,11410
Vistara,2019-04-01,Kolkata,Banglore,20:20:00,22:55:00,1595,1.0,No Info,7770
Spicejet,2019-04-01,Kolkata,Banglore,09:00:00,11:25:00,145,0.0,No check-in baggage included,3841
Indigo,2019-06-21,Kolkata,Banglore,14:25:00,16:55:00,150,0.0,No Info,5224
Indigo,2019-05-03,Banglore,Delhi,23:30:00,02:20:00,170,0.0,No Info,4591
Jet Airways,2019-03-09,Delhi,Cochin,20:50:00,18:50:00,1320,1.0,In-flight meal not included,14053
Jet Airways,2019-06-18,Banglore,Delhi,07:10:00,10:10:00,180,0.0,In-flight meal not included,5769
Jet Airways,2019-05-21,Delhi,Cochin,21:50:00,19:00:00,1270,1.0,In-flight meal not included,12898
Jet Airways,2019-06-06,Kolkata,Banglore,08:25:00,18:15:00,590,1.0,In-flight meal not included,10844
Jet Airways,2019-06-09,Delhi,Cochin,14:00:00,12:35:00,1355,1.0,In-flight meal not included,10262
Jet Airways,2019-03-18,Mumbai,Hyderabad,07:10:00,08:35:00,85,0.0,In-flight meal not included,4995
Air India,2019-03-01,Banglore,New Delhi,10:30:00,22:55:00,745,1.0,No Info,11003
Goair,2019-06-12,Delhi,Cochin,10:35:00,19:35:00,540,1.0,No Info,4959
Jet Airways,2019-04-03,Banglore,Delhi,11:10:00,14:05:00,175,0.0,No Info,7229
Jet Airways,2019-03-01,Banglore,New Delhi,07:00:00,05:05:00,1325,1.0,No Info,26890
Jet Airways,2019-06-09,Delhi,Cochin,06:45:00,04:25:00,1300,2.0,No Info,13376
Air India,2019-05-15,Kolkata,Banglore,14:15:00,16:45:00,150,0.0,No Info,5510
Jet Airways,2019-06-09,Delhi,Cochin,19:30:00,12:35:00,1025,2.0,In-flight meal not included,10368
Multiple Carriers,2019-06-01,Delhi,Cochin,04:55:00,12:35:00,460,1.0,No Info,11098
Jet Airways,2019-06-12,Kolkata,Banglore,16:30:00,12:00:00,1170,1.0,In-flight meal not included,8529
Air India,2019-06-12,Kolkata,Banglore,05:50:00,23:15:00,1045,2.0,No Info,12723
Jet Airways,2019-06-06,Delhi,Cochin,11:30:00,19:00:00,450,1.0,In-flight meal not included,10262
Vistara,2019-03-15,Delhi,Cochin,06:00:00,09:10:00,190,0.0,No Info,6111
Indigo,2019-05-18,Kolkata,Banglore,19:20:00,23:45:00,265,1.0,No Info,3717
Indigo,2019-05-01,Chennai,Kolkata,19:35:00,21:55:00,140,0.0,No Info,3597
Air India,2019-03-21,Mumbai,Hyderabad,19:30:00,20:45:00,75,0.0,No Info,2575
Indigo,2019-05-18,Kolkata,Banglore,20:20:00,22:55:00,155,0.0,No Info,4804
Jet Airways,2019-05-01,Kolkata,Banglore,08:25:00,12:00:00,1655,1.0,In-flight meal not included,9663
Multiple Carriers,2019-06-15,Delhi,Cochin,19:00:00,01:30:00,390,1.0,No Info,6795
Air India,2019-03-15,Banglore,New Delhi,22:00:00,23:20:00,1520,1.0,No Info,6850
Jet Airways,2019-05-21,Kolkata,Banglore,06:30:00,18:15:00,705,1.0,No Info,14781
Vistara,2019-05-18,Kolkata,Banglore,17:00:00,10:45:00,1065,1.0,No Info,9187
Indigo,2019-06-27,Delhi,Cochin,10:35:00,01:30:00,895,1.0,No Info,5684
Indigo,2019-06-27,Delhi,Cochin,05:05:00,12:10:00,425,1.0,No Info,6442
Air India,2019-05-12,Kolkata,Banglore,09:25:00,21:50:00,745,1.0,No Info,8891
Indigo,2019-05-09,Delhi,Cochin,07:15:00,12:30:00,315,1.0,No Info,5636
Indigo,2019-04-18,Kolkata,Banglore,20:20:00,22:55:00,155,0.0,No Info,4174
Jet Airways,2019-03-06,Banglore,New Delhi,21:25:00,09:30:00,725,1.0,No Info,17261
Vistara,2019-06-21,Delhi,Cochin,14:40:00,17:50:00,190,0.0,No Info,6216
Jet Airways,2019-06-06,Kolkata,Banglore,06:30:00,20:50:00,860,2.0,In-flight meal not included,10118
Multiple Carriers,2019-06-15,Delhi,Cochin,06:00:00,19:15:00,795,1.0,No Info,9526
Jet Airways,2019-03-03,Delhi,Cochin,20:50:00,04:25:00,455,1.0,No Info,17234
Air India,2019-05-06,Kolkata,Banglore,09:50:00,21:05:00,675,1.0,No Info,7452
Jet Airways,2019-05-12,Banglore,Delhi,07:10:00,10:10:00,180,0.0,In-flight meal not included,5198
Spicejet,2019-03-03,Kolkata,Banglore,09:00:00,11:30:00,150,0.0,No Info,5515
Multiple Carriers,2019-06-12,Delhi,Cochin,14:00:00,21:00:00,420,1.0,No Info,13587
Jet Airways,2019-03-21,Delhi,Cochin,13:00:00,18:50:00,350,1.0,In-flight meal not included,6540
Spicejet,2019-05-21,Mumbai,Hyderabad,13:15:00,14:45:00,90,0.0,No Info,2017
Indigo,2019-04-12,Kolkata,Banglore,14:25:00,16:55:00,150,0.0,No Info,5224
Spicejet,2019-06-15,Kolkata,Banglore,06:55:00,09:30:00,155,0.0,No Info,3873
Indigo,2019-05-24,Mumbai,Hyderabad,06:25:00,07:55:00,90,0.0,No Info,4049
Jet Airways,2019-04-21,Banglore,Delhi,18:55:00,22:00:00,185,0.0,In-flight meal not included,4544
Jet Airways,2019-06-01,Delhi,Cochin,19:30:00,12:35:00,1025,2.0,No Info,13014
Air India,2019-06-01,Delhi,Cochin,17:15:00,07:40:00,865,2.0,No Info,14667
Jet Airways,2019-03-06,Banglore,New Delhi,11:40:00,11:25:00,1425,1.0,No Info,17261
Vistara,2019-05-01,Banglore,Delhi,21:00:00,23:50:00,170,0.0,No Info,4668
Jet Airways,2019-05-21,Delhi,Cochin,19:15:00,12:35:00,1040,1.0,In-flight meal not included,12898
Spicejet,2019-04-06,Delhi,Cochin,17:55:00,22:50:00,295,1.0,No Info,4957
Jet Airways,2019-06-27,Delhi,Cochin,11:30:00,19:00:00,450,1.0,No Info,14714
Spicejet,2019-03-03,Delhi,Cochin,16:35:00,22:50:00,375,1.0,No Info,11726
Indigo,2019-03-21,Kolkata,Banglore,15:10:00,17:45:00,155,0.0,No Info,4148
Indigo,2019-05-01,Kolkata,Banglore,17:15:00,19:50:00,155,0.0,No Info,4804
Indigo,2019-05-15,Kolkata,Banglore,19:35:00,23:15:00,220,1.0,No Info,4226
Indigo,2019-06-01,Chennai,Kolkata,14:45:00,17:05:00,140,0.0,No Info,3597
Indigo,2019-03-09,Kolkata,Banglore,17:15:00,19:55:00,160,0.0,No Info,4778
Jet Airways,2019-03-24,Kolkata,Banglore,13:55:00,22:35:00,520,1.0,No Info,14231
Indigo,2019-04-06,Delhi,Cochin,06:50:00,12:10:00,320,1.0,No Info,5298
Jet Airways,2019-06-21,Banglore,Delhi,08:20:00,11:20:00,180,0.0,No Info,8016
Spicejet,2019-05-09,Kolkata,Banglore,09:00:00,11:25:00,145,0.0,No Info,3873
Indigo,2019-06-24,Delhi,Cochin,11:25:00,21:00:00,575,1.0,No Info,5894
Jet Airways,2019-06-06,Delhi,Cochin,15:00:00,19:00:00,1680,1.0,No Info,14714
Indigo,2019-06-27,Chennai,Kolkata,19:35:00,21:55:00,140,0.0,No Info,3597
Multiple Carriers,2019-06-12,Delhi,Cochin,18:15:00,01:30:00,435,1.0,No Info,13377
Air India,2019-05-09,Kolkata,Banglore,16:50:00,13:45:00,1255,2.0,No Info,12592
Jet Airways,2019-05-12,Kolkata,Banglore,17:00:00,21:05:00,1685,1.0,No Info,12121
Spicejet,2019-03-27,Delhi,Cochin,08:45:00,13:15:00,270,1.0,No check-in baggage included,4414
Indigo,2019-06-09,Delhi,Cochin,11:25:00,21:00:00,575,1.0,No Info,6416
Jet Airways,2019-03-27,Delhi,Cochin,07:05:00,04:25:00,1280,1.0,In-flight meal not included,6645
Spicejet,2019-03-24,Mumbai,Hyderabad,22:45:00,00:10:00,85,0.0,No Info,2227
Spicejet,2019-05-01,Kolkata,Banglore,09:00:00,11:25:00,145,0.0,No Info,4174
Spicejet,2019-03-24,Kolkata,Banglore,15:05:00,20:45:00,340,1.0,No Info,6197
Jet Airways,2019-06-03,Banglore,Delhi,19:50:00,22:50:00,180,0.0,No Info,8016
Multiple Carriers,2019-03-03,Delhi,Cochin,10:00:00,01:35:00,935,1.0,No Info,16863
Indigo,2019-05-09,Kolkata,Banglore,11:30:00,14:05:00,155,0.0,No Info,5224
Jet Airways,2019-03-21,Mumbai,Hyderabad,19:35:00,21:05:00,90,0.0,In-flight meal not included,2228
Jet Airways,2019-06-09,Delhi,Cochin,20:55:00,19:00:00,1325,1.0,In-flight meal not included,10577
Air India,2019-04-01,Mumbai,Hyderabad,06:20:00,07:40:00,80,0.0,No Info,3100
Air India,2019-05-09,Delhi,Cochin,05:00:00,19:15:00,2295,2.0,No Info,10441
Air India,2019-04-01,Kolkata,Banglore,12:00:00,11:10:00,1390,2.0,No Info,9258
Vistara,2019-03-18,Delhi,Cochin,14:55:00,17:50:00,175,0.0,No Info,5586
Indigo,2019-03-24,Banglore,New Delhi,20:00:00,22:55:00,175,0.0,No Info,6144
Air India,2019-04-24,Banglore,Delhi,13:20:00,16:10:00,170,0.0,No Info,6121
Jet Airways,2019-03-01,Banglore,New Delhi,08:00:00,07:40:00,1420,1.0,No Info,22270
Air India,2019-05-01,Banglore,Delhi,13:20:00,16:10:00,170,0.0,No Info,6121
Jet Airways,2019-04-01,Kolkata,Banglore,16:30:00,22:35:00,365,1.0,No Info,12681
Indigo,2019-06-06,Banglore,Delhi,07:10:00,10:05:00,175,0.0,No Info,4823
Air Asia,2019-04-09,Banglore,Delhi,23:55:00,02:45:00,170,0.0,No Info,4483
Indigo,2019-06-03,Delhi,Cochin,04:55:00,21:00:00,965,1.0,No Info,6838
Jet Airways,2019-03-06,Banglore,New Delhi,16:55:00,09:30:00,995,1.0,No Info,17261
Indigo,2019-03-06,Chennai,Kolkata,05:15:00,07:35:00,140,0.0,No Info,6482
Jet Airways,2019-05-21,Delhi,Cochin,09:50:00,13:05:00,195,0.0,No Info,9564
Air Asia,2019-04-24,Banglore,Delhi,11:10:00,13:55:00,165,0.0,No Info,3383
Jet Airways,2019-05-21,Kolkata,Banglore,20:00:00,19:50:00,1430,1.0,In-flight meal not included,10844
Spicejet,2019-03-01,Kolkata,Banglore,06:55:00,09:35:00,160,0.0,No Info,4622
Jet Airways,2019-06-06,Kolkata,Banglore,20:25:00,19:10:00,1365,1.0,No Info,14151
Jet Airways,2019-06-09,Delhi,Cochin,11:30:00,12:35:00,1505,1.0,In-flight meal not included,10262
Jet Airways,2019-05-21,Kolkata,Banglore,20:25:00,09:45:00,800,1.0,No Info,13067
Indigo,2019-03-03,Delhi,Cochin,04:45:00,15:30:00,645,1.0,No Info,14871
Air India,2019-06-06,Delhi,Cochin,10:55:00,07:40:00,1245,2.0,No Info,11753
Air India,2019-05-21,Delhi,Cochin,19:45:00,19:15:00,1410,2.0,No Info,9443
Indigo,2019-05-18,Chennai,Kolkata,11:35:00,14:00:00,145,0.0,No Info,4332
Spicejet,2019-03-21,Banglore,New Delhi,09:35:00,12:30:00,175,0.0,No check-in baggage included,4839
Jet Airways,2019-03-09,Delhi,Cochin,18:15:00,18:50:00,1475,1.0,No Info,16289
Jet Airways,2019-06-24,Delhi,Cochin,19:45:00,04:25:00,520,1.0,In-flight meal not included,10262
Jet Airways,2019-06-06,Delhi,Cochin,17:30:00,04:25:00,655,1.0,In-flight meal not included,10262
Air India,2019-03-18,Banglore,New Delhi,10:00:00,12:45:00,165,0.0,No Info,4441
Multiple Carriers,2019-03-03,Delhi,Cochin,09:45:00,16:10:00,385,1.0,No Info,11265
Indigo,2019-06-09,Kolkata,Banglore,15:30:00,18:05:00,155,0.0,No Info,5224
Air India,2019-04-18,Kolkata,Banglore,14:15:00,16:45:00,150,0.0,No Info,5510
Jet Airways,2019-05-18,Kolkata,Banglore,05:45:00,09:20:00,1655,1.0,No Info,14388
Multiple Carriers,2019-06-06,Delhi,Cochin,14:00:00,01:30:00,690,1.0,No Info,13377
Indigo,2019-06-06,Mumbai,Hyderabad,12:00:00,13:30:00,90,0.0,No Info,2754
Air India,2019-05-18,Delhi,Cochin,09:45:00,09:25:00,1420,2.0,No Info,10975
Jet Airways,2019-03-27,Delhi,Cochin,19:45:00,04:25:00,520,1.0,No Info,12242
Air India,2019-05-24,Kolkata,Banglore,09:25:00,13:45:00,1700,2.0,No Info,12802
Air India,2019-06-24,Delhi,Cochin,13:15:00,07:40:00,1105,2.0,No Info,12497
Goair,2019-04-01,Kolkata,Banglore,16:40:00,00:15:00,455,1.0,No Info,5171
Air India,2019-05-12,Kolkata,Banglore,16:45:00,16:15:00,1410,2.0,No Info,13437
Air India,2019-03-12,Mumbai,Hyderabad,09:15:00,09:15:00,1440,1.0,No Info,8065
Indigo,2019-06-15,Delhi,Cochin,02:00:00,07:45:00,345,1.0,No Info,6386
Air India,2019-05-21,Delhi,Cochin,05:55:00,19:15:00,800,2.0,No Info,10861
Jet Airways,2019-05-01,Kolkata,Banglore,14:05:00,04:40:00,875,1.0,No Info,13941
Jet Airways,2019-05-06,Kolkata,Banglore,20:00:00,20:45:00,1485,1.0,No Info,14388
Indigo,2019-06-03,Delhi,Cochin,07:35:00,12:10:00,275,1.0,No Info,6069
Indigo,2019-05-18,Banglore,Delhi,10:30:00,13:20:00,170,0.0,No Info,3943
Spicejet,2019-05-12,Chennai,Kolkata,09:45:00,12:00:00,135,0.0,No check-in baggage included,3543
Multiple Carriers,2019-03-06,Delhi,Cochin,07:30:00,19:15:00,705,1.0,No Info,15077
Indigo,2019-04-06,Kolkata,Banglore,17:15:00,19:50:00,155,0.0,No Info,4174
Jet Airways,2019-03-21,Banglore,New Delhi,20:35:00,11:25:00,890,1.0,In-flight meal not included,7832
Multiple Carriers,2019-06-12,Delhi,Cochin,17:45:00,01:30:00,465,1.0,No Info,6795
Jet Airways,2019-06-24,Delhi,Cochin,13:00:00,04:25:00,925,1.0,In-flight meal not included,10262
Air India,2019-05-21,Delhi,Cochin,10:00:00,19:15:00,555,1.0,No Info,8372
Air Asia,2019-05-18,Kolkata,Banglore,06:50:00,10:30:00,220,1.0,No Info,6857
Air India,2019-03-09,Delhi,Cochin,06:10:00,23:00:00,1010,1.0,No Info,9064
Jet Airways,2019-05-18,Delhi,Cochin,19:45:00,19:00:00,1395,1.0,In-flight meal not included,12373
Jet Airways,2019-03-21,Banglore,New Delhi,05:45:00,19:10:00,805,1.0,In-flight meal not included,7832
Jet Airways,2019-06-09,Mumbai,Hyderabad,10:20:00,11:50:00,90,0.0,No Info,5678
Indigo,2019-06-15,Delhi,Cochin,08:35:00,22:30:00,835,1.0,No Info,6442
Air India,2019-05-15,Delhi,Cochin,08:00:00,19:15:00,675,1.0,No Info,8372
Goair,2019-03-03,Banglore,New Delhi,11:40:00,14:35:00,175,0.0,No Info,7646
Air India,2019-05-21,Delhi,Cochin,13:00:00,19:15:00,375,1.0,No Info,8372
Jet Airways,2019-05-12,Kolkata,Banglore,20:00:00,04:40:00,520,1.0,No Info,13941
Indigo,2019-05-18,Kolkata,Banglore,15:15:00,17:45:00,150,0.0,No Info,4804
Air Asia,2019-05-03,Kolkata,Banglore,19:55:00,22:25:00,150,0.0,No Info,5989
Air India,2019-05-09,Kolkata,Banglore,14:30:00,12:30:00,1320,2.0,No Info,15107
Vistara,2019-05-01,Kolkata,Banglore,20:20:00,10:45:00,865,1.0,No Info,9187
Multiple Carriers,2019-06-03,Delhi,Cochin,08:00:00,19:00:00,660,1.0,No Info,12402
Jet Airways,2019-03-27,Delhi,Cochin,11:30:00,04:25:00,1015,1.0,In-flight meal not included,6017
Jet Airways,2019-05-24,Kolkata,Banglore,06:30:00,12:00:00,330,1.0,In-flight meal not included,9663
Air India,2019-06-01,Delhi,Cochin,21:00:00,19:15:00,1335,1.0,No Info,8582
Indigo,2019-06-01,Delhi,Cochin,21:50:00,03:35:00,345,1.0,No Info,8238
Spicejet,2019-05-24,Mumbai,Hyderabad,05:45:00,07:15:00,90,0.0,No Info,2017
Air India,2019-03-27,Delhi,Cochin,20:40:00,09:25:00,765,1.0,No Info,5117
Jet Airways,2019-03-18,Banglore,New Delhi,14:05:00,05:05:00,900,1.0,No Info,13555
Jet Airways,2019-06-12,Kolkata,Banglore,14:05:00,23:35:00,570,1.0,In-flight meal not included,9899
Jet Airways,2019-05-12,Banglore,Delhi,11:10:00,14:05:00,175,0.0,No Info,7229
Multiple Carriers,2019-03-21,Delhi,Cochin,06:00:00,12:35:00,395,1.0,No Info,13369
Jet Airways,2019-05-21,Delhi,Cochin,15:00:00,19:00:00,1680,1.0,No Info,16079
Vistara,2019-05-24,Kolkata,Banglore,20:20:00,22:40:00,1580,1.0,No Info,8452
Jet Airways,2019-06-12,Kolkata,Banglore,21:10:00,10:05:00,775,1.0,No Info,13044
Indigo,2019-03-18,Banglore,New Delhi,16:15:00,20:35:00,260,1.0,No Info,4437
Jet Airways,2019-05-18,Delhi,Cochin,22:50:00,19:00:00,1210,1.0,No Info,15554
Jet Airways,2019-04-27,Banglore,Delhi,08:20:00,11:20:00,180,0.0,No Info,7229
Jet Airways,2019-06-12,Banglore,Delhi,15:15:00,18:10:00,175,0.0,No Info,8016
Jet Airways,2019-03-24,Kolkata,Banglore,06:30:00,04:45:00,1335,1.0,In-flight meal not included,10031
Jet Airways,2019-06-15,Delhi,Cochin,19:15:00,04:25:00,550,1.0,In-flight meal not included,10262
Air India,2019-06-09,Kolkata,Banglore,19:00:00,11:05:00,965,1.0,No Info,6327
Indigo,2019-06-27,Mumbai,Hyderabad,19:05:00,20:35:00,90,0.0,No Info,2754
Goair,2019-06-15,Banglore,Delhi,20:55:00,23:40:00,165,0.0,No Info,3898
Air India,2019-05-27,Kolkata,Banglore,14:15:00,16:45:00,150,0.0,No Info,5510
Spicejet,2019-04-27,Kolkata,Banglore,06:55:00,09:30:00,155,0.0,No check-in baggage included,3841
Jet Airways,2019-03-24,Kolkata,Banglore,21:10:00,10:05:00,775,1.0,In-flight meal not included,12446
Indigo,2019-06-18,Chennai,Kolkata,11:35:00,14:00:00,145,0.0,No Info,3858
Air India,2019-03-15,Banglore,New Delhi,08:15:00,11:20:00,1625,2.0,No Info,8534
Indigo,2019-03-27,Delhi,Cochin,04:55:00,16:10:00,675,1.0,No Info,6171
Air India,2019-05-09,Kolkata,Banglore,09:25:00,07:55:00,1350,1.0,No Info,8366
Vistara,2019-05-12,Kolkata,Banglore,07:10:00,23:25:00,975,1.0,No Info,9345
Multiple Carriers,2019-06-01,Delhi,Cochin,09:00:00,19:15:00,615,1.0,No Info,16108
Air India,2019-03-15,Banglore,New Delhi,11:50:00,13:00:00,1510,1.0,No Info,8032
Air India,2019-03-27,Delhi,Cochin,12:00:00,19:15:00,435,2.0,No Info,10493
Spicejet,2019-05-21,Banglore,Delhi,05:55:00,08:35:00,160,0.0,No check-in baggage included,3257
Jet Airways,2019-06-06,Delhi,Cochin,02:15:00,19:00:00,1005,1.0,In-flight meal not included,10262
Multiple Carriers,2019-06-03,Delhi,Cochin,08:00:00,21:00:00,780,1.0,No Info,13797
Jet Airways,2019-06-24,Delhi,Cochin,02:15:00,04:25:00,1570,1.0,In-flight meal not included,10262
Spicejet,2019-05-09,Kolkata,Banglore,06:55:00,09:30:00,155,0.0,No Info,3873
Indigo,2019-06-27,Delhi,Cochin,11:25:00,21:00:00,575,1.0,No Info,5894
Air India,2019-03-01,Banglore,New Delhi,08:50:00,23:55:00,905,2.0,No Info,17345
Jet Airways,2019-03-21,Banglore,New Delhi,16:55:00,10:25:00,1050,1.0,In-flight meal not included,7832
Jet Airways,2019-06-15,Delhi,Cochin,10:00:00,04:25:00,1105,1.0,In-flight meal not included,10262
Air India,2019-05-21,Delhi,Cochin,17:15:00,19:15:00,1560,2.0,No Info,11972
Jet Airways,2019-03-06,Delhi,Cochin,09:00:00,18:50:00,590,1.0,In-flight meal not included,15400
Air Asia,2019-06-15,Kolkata,Banglore,19:55:00,22:25:00,150,0.0,No Info,4107
Jet Airways,2019-05-12,Banglore,Delhi,15:15:00,18:10:00,175,0.0,In-flight meal not included,4544
Multiple Carriers,2019-06-24,Delhi,Cochin,09:00:00,19:00:00,600,1.0,No Info,12927
Air India,2019-03-01,Banglore,New Delhi,05:50:00,12:15:00,1825,3.0,No Info,12346
Air India,2019-06-09,Kolkata,Banglore,09:25:00,13:45:00,1700,2.0,No Info,11752
Indigo,2019-05-06,Banglore,Delhi,18:55:00,21:50:00,175,0.0,No Info,4823
Jet Airways,2019-05-21,Kolkata,Banglore,06:30:00,10:05:00,1655,1.0,No Info,13941
Jet Airways,2019-06-03,Delhi,Cochin,20:55:00,12:35:00,940,1.0,In-flight meal not included,10262
Indigo,2019-04-09,Banglore,Delhi,05:30:00,08:20:00,170,0.0,No Info,3943
Multiple Carriers,2019-03-09,Delhi,Cochin,15:05:00,01:35:00,630,1.0,In-flight meal not included,14086
Air India,2019-06-15,Delhi,Cochin,21:00:00,07:40:00,640,1.0,No Info,8372
Jet Airways,2019-06-06,Kolkata,Banglore,18:55:00,20:45:00,1550,1.0,No Info,14571
Goair,2019-06-15,Delhi,Cochin,07:00:00,12:55:00,355,1.0,No Info,5281
Indigo,2019-06-12,Banglore,Delhi,20:00:00,22:50:00,170,0.0,No Info,4823
Indigo,2019-03-03,Delhi,Cochin,06:40:00,12:00:00,320,1.0,No Info,9304
Spicejet,2019-05-24,Banglore,Delhi,21:10:00,00:05:00,175,0.0,No check-in baggage included,3919
Air India,2019-05-18,Kolkata,Banglore,05:50:00,08:55:00,1625,2.0,No Info,12723
Multiple Carriers,2019-05-21,Delhi,Cochin,19:00:00,01:30:00,390,1.0,No Info,7888
Vistara,2019-06-09,Banglore,Delhi,11:30:00,14:20:00,170,0.0,No Info,4668
Jet Airways,2019-05-12,Delhi,Cochin,11:00:00,14:15:00,195,0.0,No Info,9564
Jet Airways,2019-05-12,Kolkata,Banglore,14:05:00,22:35:00,510,1.0,No Info,14781
Goair,2019-06-09,Delhi,Cochin,10:35:00,19:35:00,540,1.0,No Info,5281
Indigo,2019-04-12,Kolkata,Banglore,09:35:00,12:20:00,165,0.0,No Info,4174
Jet Airways,2019-05-06,Mumbai,Hyderabad,02:55:00,04:20:00,85,0.0,In-flight meal not included,3210
Multiple Carriers,2019-03-03,Delhi,Cochin,07:05:00,16:10:00,545,1.0,No Info,7905
Air India,2019-05-27,Delhi,Cochin,03:50:00,19:15:00,925,1.0,No Info,9719
Jet Airways,2019-05-06,Kolkata,Banglore,17:00:00,09:45:00,1005,1.0,No Info,10953
Air India,2019-06-15,Delhi,Cochin,10:55:00,07:40:00,1245,2.0,No Info,11753
Air India,2019-06-24,Delhi,Cochin,03:50:00,19:15:00,925,1.0,No Info,8669
Air India,2019-06-27,Delhi,Cochin,09:45:00,09:25:00,1420,2.0,No Info,10975
Multiple Carriers,2019-06-03,Delhi,Cochin,08:45:00,21:00:00,735,1.0,No Info,7740
Multiple Carriers,2019-05-18,Delhi,Cochin,17:30:00,01:30:00,480,1.0,No Info,13727
Air India,2019-05-21,Kolkata,Banglore,12:00:00,07:55:00,1195,2.0,No Info,10676
Jet Airways,2019-05-06,Banglore,Delhi,08:20:00,11:20:00,180,0.0,No Info,7229
Jet Airways,2019-03-01,Banglore,New Delhi,08:55:00,16:10:00,435,1.0,No Info,26890
Indigo,2019-06-01,Mumbai,Hyderabad,02:35:00,04:05:00,90,0.0,No Info,3175
Multiple Carriers,2019-06-03,Delhi,Cochin,07:10:00,16:10:00,540,1.0,No Info,7878
Multiple Carriers,2019-05-21,Delhi,Cochin,09:15:00,19:15:00,600,1.0,No Info,8099
Jet Airways,2019-04-24,Banglore,Delhi,19:50:00,22:50:00,180,0.0,No Info,7229
Indigo,2019-04-15,Banglore,Delhi,07:10:00,10:05:00,175,0.0,No Info,4823
Jet Airways,2019-03-03,Banglore,New Delhi,05:45:00,05:05:00,1400,1.0,In-flight meal not included,11087
Jet Airways,2019-03-09,Banglore,New Delhi,05:45:00,08:15:00,1590,1.0,In-flight meal not included,9134
Multiple Carriers,2019-03-06,Delhi,Cochin,19:00:00,01:35:00,395,1.0,No Info,15147
Indigo,2019-04-27,Delhi,Cochin,07:35:00,16:10:00,515,1.0,No Info,6442
Jet Airways,2019-06-12,Kolkata,Banglore,08:25:00,19:50:00,685,1.0,No Info,13626
Jet Airways,2019-06-15,Mumbai,Hyderabad,10:20:00,11:50:00,90,0.0,No Info,5678
Jet Airways,2019-06-12,Kolkata,Banglore,20:00:00,04:40:00,520,1.0,No Info,12576
Indigo,2019-03-03,Mumbai,Hyderabad,06:20:00,07:45:00,85,0.0,No Info,4784
Vistara,2019-03-06,Mumbai,Hyderabad,11:55:00,22:55:00,660,1.0,No Info,12395
Air India,2019-06-03,Delhi,Cochin,12:00:00,19:15:00,435,2.0,No Info,8603
Air India,2019-03-09,Delhi,Cochin,05:10:00,08:00:00,170,0.0,No Info,5831
Jet Airways,2019-03-12,Banglore,New Delhi,18:55:00,19:10:00,1455,1.0,In-flight meal not included,11087
Jet Airways,2019-06-12,Delhi,Cochin,20:00:00,12:35:00,995,2.0,No Info,14300
Jet Airways,2019-05-09,Delhi,Cochin,14:00:00,12:35:00,1355,1.0,In-flight meal not included,12373
Air India,2019-03-27,Delhi,Cochin,10:00:00,19:15:00,555,1.0,No Info,6902
Indigo,2019-06-06,Kolkata,Banglore,21:25:00,00:05:00,160,0.0,No Info,4804
Vistara,2019-05-24,Chennai,Kolkata,17:45:00,20:05:00,140,0.0,No Info,11982
Air India,2019-03-01,Banglore,New Delhi,08:50:00,23:25:00,875,2.0,1 Short layover,26743
Indigo,2019-06-12,Delhi,Cochin,17:10:00,01:30:00,500,1.0,No Info,5883
Goair,2019-04-06,Delhi,Cochin,10:35:00,19:35:00,540,1.0,No Info,5135
Multiple Carriers,2019-05-18,Delhi,Cochin,11:25:00,19:15:00,470,1.0,No Info,7997
Indigo,2019-04-21,Delhi,Cochin,06:50:00,12:10:00,320,1.0,No Info,6968
Air India,2019-06-27,Banglore,Delhi,17:00:00,19:45:00,165,0.0,No Info,6961
Air India,2019-05-27,Delhi,Cochin,20:15:00,19:15:00,1380,2.0,No Info,13381
Jet Airways,2019-05-21,Kolkata,Banglore,17:00:00,14:25:00,1285,1.0,In-flight meal not included,9314
Jet Airways,2019-03-06,Delhi,Cochin,22:20:00,04:25:00,365,1.0,No Info,15764
Jet Airways,2019-06-06,Delhi,Cochin,14:00:00,19:00:00,300,1.0,In-flight meal not included,10262
Jet Airways,2019-05-01,Kolkata,Banglore,18:55:00,12:00:00,1025,1.0,In-flight meal not included,9663
Multiple Carriers,2019-05-09,Delhi,Cochin,14:55:00,22:30:00,455,1.0,No Info,6805
Jet Airways,2019-06-09,Delhi,Cochin,17:30:00,12:35:00,1145,1.0,In-flight meal not included,10262
Jet Airways,2019-03-01,Banglore,New Delhi,07:00:00,20:20:00,800,1.0,No Info,27992
Jet Airways,2019-06-01,Delhi,Cochin,02:15:00,04:25:00,1570,1.0,In-flight meal not included,10262
Indigo,2019-05-24,Kolkata,Banglore,17:15:00,19:50:00,155,0.0,No Info,4804
Air Asia,2019-06-12,Kolkata,Banglore,19:55:00,22:25:00,150,0.0,No Info,3807
Jet Airways,2019-06-24,Delhi,Cochin,18:15:00,19:00:00,1485,1.0,In-flight meal not included,10262
Multiple Carriers,2019-06-01,Delhi,Cochin,07:05:00,21:00:00,835,1.0,In-flight meal not included,10406
Air India,2019-06-12,Delhi,Cochin,09:45:00,08:15:00,1350,1.0,No Info,8991
Multiple Carriers,2019-05-18,Delhi,Cochin,07:10:00,22:30:00,920,1.0,No Info,7740
Jet Airways,2019-03-24,Kolkata,Banglore,18:55:00,08:10:00,795,1.0,No Info,14231
Indigo,2019-04-09,Kolkata,Banglore,19:20:00,23:45:00,265,1.0,No Info,3574
Air India,2019-05-15,Delhi,Cochin,20:30:00,08:15:00,705,1.0,No Info,10671
Air India,2019-03-18,Banglore,New Delhi,21:05:00,23:55:00,170,0.0,No Info,4441
Spicejet,2019-06-09,Chennai,Kolkata,08:20:00,10:35:00,135,0.0,No check-in baggage included,3543
Spicejet,2019-06-15,Banglore,Delhi,09:30:00,12:20:00,170,0.0,No check-in baggage included,4885
Spicejet,2019-05-18,Banglore,Delhi,05:55:00,08:35:00,160,0.0,No Info,3625
Jet Airways,2019-06-21,Mumbai,Hyderabad,19:35:00,21:05:00,90,0.0,In-flight meal not included,3210
Air Asia,2019-06-21,Banglore,Delhi,11:10:00,13:55:00,165,0.0,No Info,3383
Indigo,2019-05-15,Banglore,Delhi,08:30:00,11:20:00,170,0.0,No Info,4823
Jet Airways,2019-05-27,Delhi,Cochin,19:30:00,12:35:00,1025,2.0,No Info,15129
Indigo,2019-05-24,Kolkata,Banglore,15:10:00,20:30:00,320,1.0,No Info,6991
Jet Airways,2019-05-09,Kolkata,Banglore,16:30:00,10:05:00,1055,1.0,In-flight meal not included,8586
Multiple Carriers,2019-03-27,Delhi,Cochin,13:05:00,21:20:00,495,2.0,No Info,6128
Air India,2019-06-03,Delhi,Cochin,17:20:00,09:25:00,965,1.0,No Info,7480
Indigo,2019-05-01,Kolkata,Banglore,04:40:00,07:15:00,155,0.0,No Info,4804
Vistara,2019-06-27,Delhi,Cochin,14:40:00,17:50:00,190,0.0,No Info,6216
Jet Airways,2019-05-06,Kolkata,Banglore,06:30:00,04:40:00,1330,1.0,In-flight meal not included,8586
Jet Airways,2019-05-27,Delhi,Cochin,09:40:00,04:25:00,1125,2.0,In-flight meal not included,13029
Indigo,2019-04-24,Delhi,Cochin,07:35:00,12:10:00,275,1.0,No Info,5073
Multiple Carriers,2019-06-01,Delhi,Cochin,09:00:00,19:00:00,600,1.0,No Info,12717
Multiple Carriers,2019-06-15,Delhi,Cochin,10:00:00,19:00:00,540,1.0,No Info,13504
Indigo,2019-03-03,Delhi,Cochin,06:40:00,15:30:00,530,1.0,No Info,14871
Jet Airways,2019-06-15,Delhi,Cochin,05:30:00,19:00:00,810,2.0,In-flight meal not included,11507
Multiple Carriers,2019-05-21,Delhi,Cochin,08:00:00,21:00:00,780,1.0,No Info,14277
Indigo,2019-05-24,Kolkata,Banglore,19:20:00,23:45:00,265,1.0,No Info,3809
Spicejet,2019-03-21,Kolkata,Banglore,09:00:00,11:30:00,150,0.0,No check-in baggage included,3815
Jet Airways,2019-06-09,Kolkata,Banglore,09:35:00,18:00:00,505,1.0,No Info,14676
Air Asia,2019-03-09,Banglore,New Delhi,05:50:00,08:40:00,170,0.0,No Info,4284
Air India,2019-05-01,Kolkata,Banglore,14:35:00,14:35:00,1440,1.0,No Info,7001
Indigo,2019-06-12,Mumbai,Hyderabad,12:00:00,13:30:00,90,0.0,No Info,2754
Jet Airways,2019-05-18,Kolkata,Banglore,05:45:00,04:40:00,1375,1.0,In-flight meal not included,8586
Jet Airways,2019-06-27,Delhi,Cochin,20:55:00,12:35:00,940,1.0,In-flight meal not included,10262
Jet Airways,2019-06-15,Delhi,Cochin,02:15:00,12:35:00,620,1.0,In-flight meal not included,10262
Air India,2019-05-15,Banglore,Delhi,21:05:00,23:55:00,170,0.0,No Info,5228
Vistara,2019-04-01,Kolkata,Banglore,20:20:00,18:50:00,1350,1.0,No Info,7927
Spicejet,2019-04-03,Banglore,Delhi,21:10:00,00:05:00,175,0.0,No Info,3971
Indigo,2019-04-01,Kolkata,Banglore,04:40:00,07:15:00,155,0.0,No Info,4174
Spicejet,2019-05-21,Kolkata,Banglore,15:05:00,20:20:00,315,1.0,No Info,4649
Indigo,2019-05-03,Banglore,Delhi,22:10:00,01:00:00,170,0.0,No Info,4284
Air India,2019-03-01,Banglore,New Delhi,17:00:00,08:50:00,950,1.0,1 Long layover,10981
Spicejet,2019-04-09,Kolkata,Banglore,09:00:00,11:25:00,145,0.0,No check-in baggage included,3841
Goair,2019-06-06,Delhi,Cochin,10:35:00,19:35:00,540,1.0,No Info,4959
Indigo,2019-06-18,Kolkata,Banglore,15:15:00,17:45:00,150,0.0,No Info,4804
Jet Airways,2019-05-09,Banglore,Delhi,08:20:00,11:20:00,180,0.0,No Info,7229
Air India,2019-06-06,Kolkata,Banglore,09:25:00,21:50:00,745,1.0,No Info,8366
Multiple Carriers,2019-06-24,Delhi,Cochin,10:20:00,19:15:00,535,1.0,In-flight meal not included,7268
Vistara,2019-03-06,Mumbai,Hyderabad,20:55:00,22:55:00,1560,1.0,No Info,12395
Jet Airways,2019-04-24,Banglore,Delhi,19:50:00,22:50:00,180,0.0,In-flight meal not included,4544
Spicejet,2019-05-12,Banglore,Delhi,05:55:00,08:35:00,160,0.0,No check-in baggage included,3257
Indigo,2019-03-24,Banglore,New Delhi,00:40:00,03:25:00,165,0.0,No Info,4238
Jet Airways,2019-06-03,Banglore,Delhi,08:20:00,11:20:00,180,0.0,In-flight meal not included,5769
Multiple Carriers,2019-03-09,Delhi,Cochin,08:00:00,21:00:00,780,1.0,No Info,16023
Air India,2019-06-06,Delhi,Cochin,16:40:00,19:15:00,1595,2.0,No Info,9653
Jet Airways,2019-06-15,Delhi,Cochin,09:00:00,04:25:00,1165,1.0,In-flight meal not included,10262
Air India,2019-05-27,Delhi,Cochin,05:15:00,06:50:00,1535,1.0,No Info,8425
Indigo,2019-06-03,Mumbai,Hyderabad,12:00:00,13:30:00,90,0.0,No Info,2754
Indigo,2019-06-15,Mumbai,Hyderabad,16:55:00,18:25:00,90,0.0,No Info,3175
Multiple Carriers,2019-03-21,Delhi,Cochin,07:30:00,18:50:00,680,1.0,No Info,14629
Jet Airways,2019-05-09,Delhi,Cochin,05:30:00,12:35:00,425,2.0,No Info,16274
Jet Airways,2019-05-12,Kolkata,Banglore,20:00:00,16:20:00,1220,1.0,In-flight meal not included,10844
Multiple Carriers,2019-03-06,Delhi,Cochin,11:35:00,21:00:00,565,3.0,No Info,21829
Jet Airways,2019-05-01,Kolkata,Banglore,17:00:00,14:25:00,1285,1.0,In-flight meal not included,9314
Air India,2019-06-21,Mumbai,Hyderabad,13:55:00,15:25:00,90,0.0,No Info,3100
Spicejet,2019-06-01,Banglore,Delhi,09:30:00,12:20:00,170,0.0,No check-in baggage included,3919
Air India,2019-05-06,Delhi,Cochin,09:45:00,09:25:00,1420,,No Info,7480
Indigo,2019-03-21,Kolkata,Banglore,20:25:00,23:05:00,160,0.0,No Info,4462
Jet Airways,2019-03-09,Banglore,New Delhi,05:45:00,11:25:00,340,1.0,In-flight meal not included,11087
Air Asia,2019-04-03,Kolkata,Banglore,19:55:00,22:25:00,150,0.0,No Info,4107
Spicejet,2019-05-15,Delhi,Cochin,08:45:00,13:15:00,270,1.0,No check-in baggage included,4760
Spicejet,2019-06-09,Kolkata,Banglore,22:20:00,00:40:00,140,0.0,No check-in baggage included,3841
Vistara,2019-04-01,Kolkata,Banglore,17:00:00,22:55:00,355,1.0,No Info,8977
Air Asia,2019-05-27,Delhi,Cochin,07:55:00,13:25:00,330,1.0,No Info,6451
Air India,2019-05-12,Kolkata,Banglore,09:10:00,13:15:00,245,1.0,No Info,8996
Jet Airways,2019-06-24,Delhi,Cochin,20:55:00,19:00:00,1325,1.0,In-flight meal not included,10262
Jet Airways,2019-06-12,Kolkata,Banglore,08:25:00,18:15:00,590,1.0,No Info,13626
Air India,2019-05-09,Kolkata,Banglore,16:50:00,05:35:00,765,2.0,No Info,11432
Jet Airways,2019-05-15,Kolkata,Banglore,16:30:00,16:20:00,1430,1.0,In-flight meal not included,10844
Indigo,2019-03-21,Delhi,Cochin,07:35:00,22:20:00,885,1.0,No Info,6558
Jet Airways,2019-05-27,Delhi,Cochin,05:30:00,12:35:00,425,2.0,In-flight meal not included,15544
Jet Airways,2019-03-21,Banglore,New Delhi,20:35:00,10:25:00,830,1.0,In-flight meal not included,7832
Jet Airways,2019-05-24,Kolkata,Banglore,16:30:00,18:15:00,1545,1.0,In-flight meal not included,10844
Indigo,2019-06-03,Delhi,Cochin,10:35:00,21:00:00,625,1.0,No Info,6093
Indigo,2019-05-12,Chennai,Kolkata,19:35:00,21:55:00,140,0.0,No Info,3597
Air India,2019-03-01,Banglore,New Delhi,05:50:00,22:45:00,1015,1.0,No Info,14069
Air India,2019-05-09,Delhi,Cochin,12:00:00,07:40:00,1180,2.0,No Info,9968
Spicejet,2019-06-15,Mumbai,Hyderabad,05:45:00,07:15:00,90,0.0,No Info,2753
Air Asia,2019-06-06,Kolkata,Banglore,10:20:00,12:55:00,155,0.0,No Info,4508
Air India,2019-06-12,Kolkata,Banglore,09:50:00,23:15:00,805,2.0,No Info,14960
Jet Airways,2019-03-01,Banglore,New Delhi,05:45:00,15:15:00,570,1.0,No Info,26890
Jet Airways,2019-04-18,Delhi,Cochin,11:00:00,14:15:00,195,0.0,In-flight meal not included,5443
Indigo,2019-04-15,Delhi,Cochin,17:05:00,22:15:00,310,1.0,No Info,5912
Jet Airways,2019-05-27,Banglore,Delhi,07:10:00,10:10:00,180,0.0,No Info,7229
Jet Airways,2019-06-09,Banglore,Delhi,19:50:00,22:50:00,180,0.0,In-flight meal not included,7229
Air India,2019-03-18,Delhi,Cochin,05:10:00,08:00:00,170,0.0,No Info,5674
Air India,2019-05-03,Chennai,Kolkata,11:40:00,13:55:00,135,0.0,No Info,4667
Air India,2019-05-12,Kolkata,Banglore,10:00:00,23:15:00,795,1.0,No Info,10203
Multiple Carriers,2019-05-27,Delhi,Cochin,11:40:00,21:00:00,560,1.0,No Info,7005
Multiple Carriers,2019-06-01,Delhi,Cochin,08:00:00,19:00:00,660,1.0,No Info,12192
Jet Airways,2019-06-12,Kolkata,Banglore,06:30:00,04:40:00,1330,1.0,No Info,12739
Air India,2019-05-12,Kolkata,Banglore,07:00:00,01:20:00,1100,2.0,No Info,12140
Jet Airways,2019-06-01,Banglore,Delhi,07:10:00,10:10:00,180,0.0,No Info,8016
Jet Airways,2019-06-15,Delhi,Cochin,18:15:00,12:35:00,1100,1.0,In-flight meal not included,10262
Jet Airways,2019-03-12,Banglore,New Delhi,08:55:00,23:00:00,845,1.0,No Info,13817
Indigo,2019-04-24,Delhi,Cochin,04:55:00,21:00:00,965,1.0,No Info,6162
Air India,2019-06-01,Delhi,Cochin,09:45:00,23:00:00,795,1.0,No Info,8907
Jet Airways,2019-05-15,Kolkata,Banglore,18:55:00,09:20:00,865,1.0,In-flight meal not included,9663
Air India,2019-06-01,Delhi,Cochin,19:45:00,19:15:00,1410,2.0,No Info,10651
Air India,2019-06-12,Kolkata,Banglore,16:50:00,11:10:00,1100,1.0,No Info,8366
Multiple Carriers,2019-06-03,Delhi,Cochin,12:50:00,19:15:00,385,1.0,No Info,9001
Jet Airways,2019-05-12,Kolkata,Banglore,18:55:00,12:00:00,1025,1.0,In-flight meal not included,9663
Indigo,2019-06-01,Banglore,Delhi,21:15:00,00:15:00,180,0.0,No Info,3943
Indigo,2019-06-12,Kolkata,Banglore,19:20:00,23:45:00,265,1.0,No Info,3574
Jet Airways,2019-03-24,Kolkata,Banglore,21:10:00,09:15:00,725,1.0,In-flight meal not included,11134
Multiple Carriers,2019-03-21,Delhi,Cochin,07:05:00,13:20:00,375,1.0,No Info,14486
Jet Airways,2019-03-21,Delhi,Cochin,09:40:00,18:50:00,550,2.0,No Info,11702
Air India,2019-03-12,Mumbai,Hyderabad,05:30:00,14:50:00,560,2.0,No Info,11342
Jet Airways,2019-03-21,Delhi,Cochin,08:00:00,18:50:00,650,1.0,No Info,12767
Jet Airways,2019-03-24,Kolkata,Banglore,18:55:00,12:00:00,1025,1.0,In-flight meal not included,11134
Spicejet,2019-03-21,Delhi,Cochin,06:10:00,11:20:00,310,1.0,No Info,6065
Air Asia,2019-06-09,Delhi,Cochin,16:45:00,22:25:00,340,1.0,No Info,13470
Spicejet,2019-03-27,Mumbai,Hyderabad,22:45:00,00:10:00,85,0.0,No Info,1759
Air India,2019-05-24,Kolkata,Banglore,09:10:00,11:05:00,1555,2.0,No Info,6117
Air India,2019-04-09,Banglore,Delhi,21:05:00,23:55:00,170,0.0,No Info,4441
Multiple Carriers,2019-06-06,Delhi,Cochin,16:00:00,01:30:00,570,1.0,No Info,13377
Multiple Carriers,2019-06-27,Delhi,Cochin,06:00:00,21:00:00,900,1.0,In-flight meal not included,6007
Jet Airways,2019-03-09,Delhi,Cochin,19:45:00,18:50:00,1385,1.0,In-flight meal not included,14053
Jet Airways,2019-06-06,Kolkata,Banglore,18:55:00,12:00:00,1025,1.0,In-flight meal not included,10844
Air India,2019-03-01,Kolkata,Banglore,14:15:00,16:45:00,150,0.0,No Info,6535
Jet Airways,2019-05-01,Banglore,Delhi,17:45:00,20:45:00,180,0.0,No Info,7229
Indigo,2019-03-15,Chennai,Kolkata,14:40:00,17:05:00,145,0.0,No Info,6297
Jet Airways,2019-03-06,Banglore,New Delhi,08:55:00,21:20:00,745,1.0,No Info,16736
Spicejet,2019-06-15,Kolkata,Banglore,14:55:00,17:25:00,150,0.0,No check-in baggage included,3841
Jet Airways,2019-05-18,Kolkata,Banglore,18:55:00,04:40:00,585,1.0,No Info,13941
Multiple Carriers,2019-03-21,Delhi,Cochin,04:45:00,12:35:00,470,1.0,No Info,9838
Jet Airways,2019-06-27,Banglore,Delhi,11:10:00,14:05:00,175,0.0,In-flight meal not included,5769
Jet Airways,2019-03-24,Kolkata,Banglore,19:45:00,08:10:00,745,1.0,No Info,14231
Multiple Carriers,2019-06-27,Delhi,Cochin,15:15:00,01:30:00,615,1.0,In-flight meal not included,5797
Spicejet,2019-05-18,Kolkata,Banglore,17:10:00,19:40:00,150,0.0,No Info,4174
Indigo,2019-06-15,Banglore,Delhi,07:10:00,10:05:00,175,0.0,No Info,4823
Jet Airways,2019-05-18,Mumbai,Hyderabad,02:55:00,04:20:00,85,0.0,No Info,5678
Jet Airways,2019-03-12,Banglore,New Delhi,22:55:00,12:25:00,810,1.0,No Info,13817
Goair,2019-06-15,Kolkata,Banglore,15:20:00,17:55:00,155,0.0,No Info,3514
Indigo,2019-05-06,Banglore,Delhi,00:30:00,03:25:00,175,0.0,No Info,4284
Air India,2019-04-03,Delhi,Cochin,12:30:00,09:25:00,1255,1.0,No Info,5117
Air India,2019-06-27,Delhi,Cochin,18:45:00,19:15:00,1470,2.0,No Info,11942
Indigo,2019-05-24,Kolkata,Banglore,21:00:00,02:15:00,315,1.0,No Info,6534
Jet Airways,2019-05-15,Kolkata,Banglore,21:10:00,04:40:00,450,1.0,In-flight meal not included,9663
Jet Airways,2019-03-21,Delhi,Cochin,13:00:00,18:50:00,350,1.0,No Info,12347
Indigo,2019-03-03,Delhi,Cochin,07:30:00,21:00:00,810,1.0,No Info,14871
Jet Airways,2019-04-01,Kolkata,Banglore,20:00:00,22:35:00,1595,1.0,No Info,12681
Multiple Carriers,2019-03-27,Delhi,Cochin,19:00:00,01:35:00,395,1.0,No Info,7845
Air India,2019-04-09,Banglore,Delhi,05:45:00,08:45:00,180,0.0,No Info,4441
Air India,2019-03-01,Banglore,New Delhi,11:50:00,08:55:00,1265,1.0,1 Long layover,14594
Jet Airways,2019-05-09,Delhi,Cochin,08:00:00,04:25:00,1225,1.0,In-flight meal not included,12373
Vistara,2019-03-03,Banglore,New Delhi,19:40:00,22:20:00,160,0.0,No Info,8553
Indigo,2019-05-21,Chennai,Kolkata,22:05:00,00:25:00,140,0.0,No Info,5277
Vistara,2019-06-21,Banglore,Delhi,21:00:00,23:50:00,170,0.0,No Info,5613
Air India,2019-03-18,Banglore,New Delhi,00:30:00,08:45:00,495,1.0,No Info,13859
Jet Airways,2019-06-09,Kolkata,Banglore,21:10:00,09:20:00,730,1.0,In-flight meal not included,11841
Multiple Carriers,2019-06-24,Delhi,Cochin,10:00:00,19:00:00,540,1.0,No Info,12717
Air India,2019-05-18,Kolkata,Banglore,12:00:00,13:15:00,1515,1.0,No Info,7662
Indigo,2019-04-15,Banglore,Delhi,08:30:00,11:20:00,170,0.0,No Info,4823
Jet Airways,2019-03-06,Banglore,New Delhi,21:25:00,10:25:00,780,1.0,No Info,17261
Indigo,2019-06-06,Delhi,Cochin,23:30:00,04:35:00,305,1.0,No Info,10112
Jet Airways,2019-03-24,Kolkata,Banglore,16:55:00,19:40:00,1605,1.0,No Info,14231
Multiple Carriers,2019-06-06,Delhi,Cochin,11:25:00,19:00:00,455,1.0,No Info,10877
Jet Airways,2019-04-01,Kolkata,Banglore,09:35:00,19:10:00,575,1.0,In-flight meal not included,9314
Indigo,2019-05-06,Delhi,Cochin,07:30:00,21:00:00,810,1.0,No Info,7191
Jet Airways,2019-03-12,Banglore,New Delhi,18:55:00,20:20:00,1525,1.0,In-flight meal not included,11087
Multiple Carriers,2019-06-27,Delhi,Cochin,11:25:00,19:15:00,470,1.0,No Info,7155
Vistara,2019-06-18,Banglore,Delhi,17:00:00,19:35:00,155,0.0,No Info,4878
Air India,2019-06-12,Delhi,Cochin,12:00:00,07:40:00,1180,2.0,No Info,8603
Multiple Carriers,2019-06-01,Delhi,Cochin,08:00:00,19:15:00,675,1.0,No Info,16108
Spicejet,2019-06-09,Mumbai,Hyderabad,05:45:00,07:15:00,90,0.0,No Info,2753
Jet Airways,2019-05-12,Kolkata,Banglore,14:05:00,19:50:00,345,1.0,No Info,14781
Indigo,2019-04-15,Delhi,Cochin,07:35:00,16:10:00,515,1.0,No Info,6442
Multiple Carriers,2019-06-12,Delhi,Cochin,04:55:00,19:15:00,860,1.0,No Info,7155
Jet Airways,2019-05-21,Kolkata,Banglore,06:30:00,09:20:00,1610,1.0,No Info,14388
Multiple Carriers,2019-03-06,Delhi,Cochin,10:45:00,19:15:00,510,1.0,No Info,15077
Spicejet,2019-05-03,Chennai,Kolkata,08:20:00,10:35:00,135,0.0,No check-in baggage included,3543
Spicejet,2019-06-12,Banglore,Delhi,05:55:00,08:35:00,160,0.0,No Info,4423
Jet Airways,2019-06-15,Delhi,Cochin,02:15:00,12:35:00,620,1.0,No Info,18371
Jet Airways,2019-05-21,Delhi,Cochin,09:40:00,12:35:00,1615,2.0,In-flight meal not included,13029
Spicejet,2019-05-09,Delhi,Cochin,08:45:00,13:15:00,270,1.0,No Info,4812
Air India,2019-06-15,Delhi,Cochin,05:00:00,07:40:00,1600,2.0,No Info,10231
Jet Airways,2019-03-01,Banglore,New Delhi,11:40:00,07:40:00,1200,1.0,No Info,22270
Jet Airways,2019-06-06,Delhi,Cochin,05:30:00,12:35:00,425,2.0,In-flight meal not included,13344
Air India,2019-05-01,Banglore,Delhi,10:00:00,12:45:00,165,0.0,No Info,6121
Air India,2019-06-24,Chennai,Kolkata,11:40:00,13:55:00,135,0.0,No Info,4667
Indigo,2019-05-03,Chennai,Kolkata,14:45:00,17:05:00,140,0.0,No Info,3858
Multiple Carriers,2019-03-03,Delhi,Cochin,08:00:00,18:50:00,650,1.0,No Info,15342
Jet Airways,2019-04-03,Mumbai,Hyderabad,07:05:00,08:30:00,85,0.0,No Info,8040
Goair,2019-05-09,Delhi,Cochin,10:35:00,19:35:00,540,1.0,No Info,6591
Indigo,2019-05-06,Chennai,Kolkata,13:15:00,15:35:00,140,0.0,No Info,3597
Jet Airways,2019-06-24,Delhi,Cochin,21:25:00,12:35:00,910,2.0,No Info,12609
Jet Airways,2019-05-27,Banglore,Delhi,08:20:00,11:20:00,180,0.0,In-flight meal not included,4030
Air Asia,2019-03-12,Kolkata,Banglore,19:35:00,22:05:00,150,0.0,No Info,4384
Jet Airways,2019-06-06,Delhi,Cochin,09:40:00,12:35:00,1615,2.0,In-flight meal not included,11733
Jet Airways,2019-06-27,Delhi,Cochin,02:15:00,12:35:00,620,1.0,No Info,18371
Vistara,2019-05-06,Chennai,Kolkata,17:45:00,20:05:00,140,0.0,No Info,11982
Indigo,2019-03-03,Chennai,Kolkata,13:20:00,15:35:00,135,0.0,No Info,7295
Jet Airways,2019-05-12,Kolkata,Banglore,14:05:00,23:35:00,570,1.0,No Info,14781
Jet Airways,2019-05-09,Kolkata,Banglore,14:05:00,04:40:00,875,1.0,In-flight meal not included,8586
Multiple Carriers,2019-03-06,Delhi,Cochin,07:30:00,21:00:00,810,1.0,No Info,15147
Multiple Carriers,2019-06-01,Delhi,Cochin,13:00:00,01:30:00,750,1.0,No Info,13377
Goair,2019-05-27,Delhi,Cochin,07:00:00,12:55:00,355,1.0,No Info,5752
Indigo,2019-06-27,Delhi,Cochin,18:35:00,01:30:00,415,1.0,No Info,5883
Indigo,2019-05-27,Delhi,Cochin,10:35:00,01:30:00,895,1.0,No Info,6104
Jet Airways,2019-06-06,Kolkata,Banglore,09:35:00,18:00:00,505,1.0,No Info,12692
Indigo,2019-05-21,Delhi,Cochin,04:55:00,11:50:00,415,1.0,No Info,6794
Indigo,2019-03-27,Delhi,Cochin,06:40:00,21:00:00,860,1.0,No Info,8784
Jet Airways,2019-04-12,Banglore,Delhi,15:15:00,18:10:00,175,0.0,No Info,7229
Multiple Carriers,2019-03-01,Delhi,Cochin,12:50:00,19:15:00,385,1.0,No Info,36983
Multiple Carriers,2019-03-09,Delhi,Cochin,00:20:00,12:55:00,755,1.0,In-flight meal not included,18260
Multiple Carriers,2019-05-21,Delhi,Cochin,10:20:00,21:00:00,640,1.0,No Info,7485
Jet Airways,2019-03-24,Kolkata,Banglore,21:10:00,20:40:00,1410,1.0,In-flight meal not included,10031
Air Asia,2019-03-06,Delhi,Cochin,16:45:00,07:10:00,865,1.0,No Info,8627
Jet Airways,2019-03-27,Delhi,Cochin,06:20:00,04:25:00,1325,2.0,No Info,12273
Multiple Carriers,2019-06-27,Delhi,Cochin,19:00:00,01:30:00,390,1.0,No Info,7198
Multiple Carriers,2019-05-21,Delhi,Cochin,04:55:00,12:35:00,460,1.0,No Info,9103
Jet Airways,2019-06-09,Delhi,Cochin,08:00:00,04:25:00,1225,1.0,In-flight meal not included,10262
Jet Airways,2019-05-01,Banglore,Delhi,15:15:00,18:10:00,175,0.0,In-flight meal not included,4544
Indigo,2019-05-15,Delhi,Cochin,06:50:00,12:10:00,320,1.0,No Info,5298
Multiple Carriers,2019-03-21,Delhi,Cochin,07:05:00,15:30:00,505,1.0,No Info,14486
Indigo,2019-05-15,Mumbai,Hyderabad,21:20:00,22:50:00,90,0.0,No Info,2227
Jet Airways,2019-03-21,Delhi,Cochin,10:45:00,04:25:00,1060,2.0,No Info,11093
Indigo,2019-04-06,Kolkata,Banglore,09:35:00,12:20:00,165,0.0,No Info,4174
Jet Airways,2019-05-06,Kolkata,Banglore,06:30:00,20:45:00,855,1.0,In-flight meal not included,9663
Indigo,2019-03-09,Chennai,Kolkata,19:35:00,21:55:00,140,0.0,No Info,6297
Air India,2019-06-27,Kolkata,Banglore,14:15:00,16:45:00,150,0.0,No Info,5510
Jet Airways,2019-03-21,Banglore,New Delhi,07:00:00,21:20:00,860,1.0,In-flight meal not included,7832
Spicejet,2019-06-18,Kolkata,Banglore,22:20:00,00:40:00,140,0.0,No check-in baggage included,3841
Vistara,2019-06-01,Banglore,Delhi,21:00:00,23:50:00,170,0.0,No Info,4668
Jet Airways,2019-03-18,Banglore,New Delhi,22:50:00,08:15:00,565,1.0,In-flight meal not included,11087
Indigo,2019-05-12,Delhi,Cochin,14:25:00,17:40:00,195,0.0,No Info,5000
Jet Airways,2019-05-06,Kolkata,Banglore,20:25:00,10:55:00,870,1.0,No Info,13067
Multiple Carriers,2019-03-09,Delhi,Cochin,06:50:00,19:15:00,745,1.0,In-flight meal not included,14817
Spicejet,2019-03-03,Kolkata,Banglore,17:15:00,19:45:00,150,0.0,No Info,6251
Multiple Carriers,2019-06-12,Delhi,Cochin,10:00:00,01:30:00,930,1.0,No Info,13377
Jet Airways,2019-06-12,Kolkata,Banglore,20:25:00,18:00:00,1295,1.0,No Info,12692
Air India,2019-03-21,Delhi,Cochin,17:15:00,07:40:00,865,2.0,No Info,8052
Jet Airways,2019-05-24,Kolkata,Banglore,18:55:00,18:15:00,1400,1.0,In-flight meal not included,10844
Air India,2019-03-24,Kolkata,Banglore,20:30:00,23:15:00,1605,1.0,No Info,10808
Jet Airways,2019-05-09,Banglore,Delhi,19:50:00,22:50:00,180,0.0,In-flight meal not included,3502
Vistara,2019-04-01,Delhi,Cochin,14:40:00,17:50:00,190,0.0,No Info,4851
Jet Airways,2019-06-24,Delhi,Cochin,19:30:00,12:35:00,1025,2.0,No Info,13014
Air India,2019-03-24,Kolkata,Banglore,09:25:00,01:20:00,955,2.0,No Info,11853
Jet Airways,2019-05-18,Delhi,Cochin,23:05:00,19:00:00,1195,2.0,No Info,15129
Spicejet,2019-05-09,Kolkata,Banglore,06:55:00,09:30:00,155,0.0,No check-in baggage included,3841
Jet Airways,2019-03-12,Banglore,New Delhi,22:55:00,09:30:00,635,1.0,No Info,13817
Jet Airways,2019-03-01,Banglore,New Delhi,11:40:00,05:05:00,1045,1.0,No Info,22270
Multiple Carriers,2019-03-09,Delhi,Cochin,07:05:00,22:20:00,915,1.0,No Info,6916
Multiple Carriers,2019-06-03,Delhi,Cochin,06:00:00,19:15:00,795,1.0,No Info,9736
Air India,2019-03-03,Banglore,New Delhi,06:55:00,13:20:00,385,1.0,No Info,10924
Vistara,2019-05-21,Kolkata,Banglore,20:20:00,10:45:00,865,1.0,No Info,9187
Jet Airways,2019-05-06,Kolkata,Banglore,14:05:00,09:20:00,1155,1.0,In-flight meal not included,9663
Jet Airways,2019-05-06,Kolkata,Banglore,17:00:00,23:35:00,395,1.0,No Info,12121
Jet Airways,2019-05-12,Kolkata,Banglore,16:30:00,22:35:00,365,1.0,In-flight meal not included,10844
Vistara,2019-03-18,Banglore,New Delhi,16:00:00,18:35:00,155,0.0,No Info,11913
Air India,2019-06-18,Banglore,Delhi,17:00:00,19:50:00,170,0.0,No Info,6961
